supplier_id,supplier_name,contact_info
SUP001,"Rodriguez, Figueroa and Sanchez",+1-665-607-5273x545
SUP002,Doyle Ltd,+1-508-931-3678
SUP003,"Mcclain, Miller and Henderson",+1-777-801-4363x4957
SUP004,Davis and Sons,001-485-557-4443x1351
SUP005,"Guzman, Hoffman and Baldwin",674.598.9413
SUP006,"Gardner, Robinson and Lawrence",(924)308-2400x842
SUP007,Blake and Sons,6949777520
SUP008,"Henderson, Ramirez and Lewis",616-371-9022
SUP009,Garcia-James,818.969.9938
SUP010,Abbott-Munoz,649.364.9909x133
SUP011,Blair PLC,(932)681-2067
SUP012,Dudley Group,5348471349
SUP013,Arnold Ltd,683-624-2102
SUP014,"Mcclure, Ward and Lee",217.846.4887x719
SUP015,Williams and Sons,001-459-940-1399x0490
SUP016,Galloway-Wyatt,474.729.6717x56551
SUP017,James Group,(274)968-0715x45168
SUP018,"Flowers, Martin and Kelly",(903)985-9770x34824
SUP019,"Adams, Zuniga and Wong",809-332-4808
SUP020,"Reid, Ferguson and Sanchez",817.912.7484
SUP021,Gray-Mayo,737.682.6398x2146
SUP022,"Watts, Robinson and Nguyen",9447997278
SUP023,Perez Inc,988-867-5339x63605
SUP024,Morales-Jones,(227)402-8951x7187
SUP025,"Walter, Edwards and Rios",(221)374-5961x58657
SUP026,Wilkerson-Day,643.216.1172
SUP027,Baker and Sons,8504455623
SUP028,"Hoffman, Baker and Richards",(421)596-9379
SUP029,"Ross, Robinson and Bright",647.840.7482x175
SUP030,"Snyder, Campos and Callahan",001-647-643-6713x695
SUP031,Burton Ltd,5647090974
SUP032,Carlson-Cruz,239.742.1047
SUP033,"Ferrell, Rice and Maddox",001-621-445-6232x8588
SUP034,Frazier Inc,374-851-7123x685
SUP035,"Dyer, Potter and Mack",7483175496
SUP036,Rodriguez-Graham,+1-437-209-8593x17461
SUP037,Smith-Bowen,9477113826
SUP038,"Baker, Mason and White",+1-986-992-6179x64053
SUP039,Harrell LLC,551.358.5064
SUP040,"Romero, Gonzalez and Brooks",513.590.0532x931
SUP041,Ryan PLC,652.490.4228
SUP042,George Group,402-605-3950
SUP043,Rodriguez LLC,3269811775
SUP044,Allen-Allen,939.308.4700x76617
SUP045,"Arroyo, Miller and Tucker",759-821-2499
SUP046,Spence PLC,+1-984-578-9611x836
SUP047,Anderson Group,(357)366-1565x45271
SUP048,"Martin, Rose and Obrien",761-352-8098
SUP049,Hickman Ltd,(556)304-9451x98327
SUP050,"Harris, Collins and Carney",(285)614-9368x998
SUP051,"Brooks, Lam and Hayes",8243455022
SUP052,Walker LLC,(401)783-6675
SUP053,Chapman and Sons,859-991-0229x0147
SUP054,"Robinson, Jones and Welch",+1-976-643-8156x149
SUP055,Jones Inc,4366900343
SUP056,Jones-Young,751-307-6226x8388
SUP057,"Washington, Ryan and Cummings",(306)807-1596x9664
SUP058,"Johnston, Sanchez and Kennedy",5528975161
SUP059,Lee-Davis,001-468-316-4535
SUP060,Gomez-Jenkins,418.383.5523x12432
SUP061,"Brown, Valdez and Lucas",(777)499-7995
SUP062,Powell LLC,917.974.4905x814
SUP063,Wright and Sons,8059411998
SUP064,"West, Henderson and Ramirez",001-480-279-3597
SUP065,Baxter Inc,415.718.2037x788
SUP066,Morton-Chase,(846)665-9051x518
SUP067,Williams PLC,392-651-9254x629
SUP068,Novak and Sons,+1-265-728-1685
SUP069,Russell Group,223-757-3322x1418
SUP070,Hancock Inc,001-592-996-2229x27065
SUP071,Gray Group,+1-947-638-3473x597
SUP072,House-Glover,001-368-386-2392x40758
SUP073,Henderson-Bernard,812-247-8261x3750
SUP074,"Stanley, Tucker and Lee",(485)236-1530x5152
SUP075,Novak PLC,872-377-9010x4328
SUP076,"Daniels, Adkins and Brown",001-243-541-0369x71179
SUP077,"Woods, Calhoun and Schmidt",001-724-360-9539x621
SUP078,Yu Inc,388.788.0670x65405
SUP079,Jones Inc,419.952.0585
SUP080,"Hensley, Powell and David",001-772-621-7043x030
SUP081,"Sanchez, Wheeler and Harvey",868.874.0345x05415
SUP082,Sandoval-Cunningham,001-876-452-7758x4161
SUP083,Donovan-Harris,+1-845-411-5447
SUP084,"Edwards, Baker and Anderson",001-775-470-5964x016
SUP085,"Evans, Stewart and Walton",7298702135
SUP086,Smith PLC,001-409-727-5571
SUP087,"Ferrell, Jones and Lewis",(654)931-0278x6814
SUP088,Anderson-Bailey,494.973.1217
SUP089,Suarez LLC,455-718-8442
SUP090,Moore-Bass,431.332.3705x89578
SUP091,"Turner, Riggs and Roman",446-778-6691
SUP092,"Smith, Montoya and Evans",+1-217-378-5289x2268
SUP093,"Garcia, Humphrey and Baker",624.422.5358x41438
SUP094,Newton and Sons,+1-749-281-8299x2299
SUP095,Campbell-Clark,2109943969
SUP096,Harris-Walters,+1-884-947-3647x1027
SUP097,Wagner-King,335.792.5556x258
SUP098,Davis Group,671.847.3210
SUP099,Williams-Cook,+1-963-625-9532x787
SUP100,Walsh LLC,901.968.7339x5004
SUP101,Figueroa PLC,580-716-2456x5060
SUP102,"Patterson, Smith and Jones",+1-341-468-7849
SUP103,"Mckee, Gardner and Davenport",865-258-5239
SUP104,"Tran, Jordan and Williams",4027578729
SUP105,Nolan-Flynn,+1-652-969-4958x887
SUP106,Nolan and Sons,9556169409
SUP107,"Wright, Garcia and Deleon",+1-299-330-9728x9623
SUP108,Dickson-Brady,907.256.2636
SUP109,Hancock and Sons,001-728-738-5786x527
SUP110,Johnson-Doyle,+1-749-973-3484x34437
SUP111,Patton-Jenkins,(284)641-9866x524
SUP112,"Shields, Cochran and Adams",001-415-374-7338x484
SUP113,"Rodriguez, Brennan and Garrison",+1-993-330-8330x165
SUP114,Gonzalez Group,+1-520-282-6773x45401
SUP115,Torres-Pope,(262)606-7240
SUP116,Walker Ltd,001-491-954-7887
SUP117,Ross LLC,531-452-7420x549
SUP118,Rasmussen LLC,+1-566-285-1612x275
SUP119,May-Ross,563-274-5499x045
SUP120,"Rivera, Johnson and Wiley",+1-417-942-6841x45933
SUP121,White-Estes,(579)356-8783
SUP122,Johnson-Carlson,478.751.9108x83982
SUP123,Chandler-Edwards,971.239.7187x07286
SUP124,"Joyce, Wilson and Lam",+1-374-206-4039
SUP125,Scott Ltd,(851)980-1704x62265
SUP126,Smith-Frost,(261)282-5128x6823
SUP127,"Mcdaniel, Bentley and Mclaughlin",378-268-6337x5243
SUP128,Diaz Inc,+1-269-803-3119x07903
SUP129,"Mccall, Hanson and Alvarado",738.530.2843x959
SUP130,Cortez LLC,928-236-4408x9268
SUP131,"Parker, Ortiz and Powell",(568)556-6246x287
SUP132,Spencer-Lee,527-708-6688x2634
SUP133,"Bentley, Byrd and Orr",+1-317-551-8304x6990
SUP134,"Carroll, Sullivan and Bass",001-598-837-3540x33173
SUP135,Mitchell-Jordan,685.746.7854
SUP136,"Lawson, Morris and Ramos",277.617.5355x60932
SUP137,"Lewis, Kennedy and Santana",+1-899-564-2353
SUP138,"Jackson, Miller and Robertson",485.247.7725x2287
SUP139,"Harvey, Davis and Crane",701.200.6231x20387
SUP140,Chambers and Sons,+1-697-670-0886x008
SUP141,Hernandez Inc,5866211823
SUP142,Riggs PLC,(246)315-6793x341
SUP143,Gibson Ltd,(366)287-0021x7659
SUP144,"Lee, Horton and Snyder",239.474.0148
SUP145,Hernandez Ltd,703-892-6142x93968
SUP146,Stafford Inc,001-821-785-0163x15999
SUP147,Robinson-Brock,4478735866
SUP148,"Holmes, Williams and Wright",494-831-1426
SUP149,Bryant Group,951-810-4754x12126
SUP150,"Schmidt, Hansen and Stewart",801-258-1995
SUP151,Salazar-Ball,666-618-3982x6224
SUP152,"Simmons, Meadows and Griffin",921.526.4647x1543
SUP153,Manning Group,812.440.6596x575
SUP154,Green-Wright,759-837-5265x4793
SUP155,"Ramirez, Strickland and Washington",565-919-3982x807
SUP156,Hill Inc,916-872-4342x6617
SUP157,"Mitchell, Nelson and Flores",+1-386-580-5891
SUP158,"Miller, Hernandez and Reyes",+1-552-990-9656x10143
SUP159,Mccarthy Inc,(367)398-2507x146
SUP160,Russell-Daniels,001-925-745-7387x5717
SUP161,Brown-Wall,440-410-5123
SUP162,Stein-Silva,886-873-6226x60937
SUP163,"Smith, Gilmore and Johnston",7337419182
SUP164,Smith-Bell,871.347.8596
SUP165,Castaneda-Ashley,(557)692-4991x251
SUP166,Medina-Navarro,825-828-6692
SUP167,"Hurst, Freeman and Nelson",(478)728-2742
SUP168,Johnson-Rogers,890.950.7236x887
SUP169,"Yates, Ramsey and Pittman",(477)921-9034x04384
SUP170,Hooper PLC,001-778-281-9148
SUP171,Meadows PLC,001-378-536-1340x74517
SUP172,"Alvarado, Miller and Patterson",595.296.2923
SUP173,White-Green,001-658-649-8254
SUP174,Lewis-Murphy,412.660.4223x25367
SUP175,Ramirez-Bean,+1-266-371-1684x5775
SUP176,King-Miller,001-775-418-6363x7454
SUP177,Curry Inc,001-475-900-1701
SUP178,Walker-Jones,706.432.4241x541
SUP179,"Williams, Johnson and Wright",9643361103
SUP180,Howell and Sons,(893)487-0051
SUP181,Wells Inc,413.361.1155x4262
SUP182,"Gould, Marshall and Scott",390.492.7532x69731
SUP183,Jackson-Lawson,001-619-265-6523x41389
SUP184,"Higgins, Strickland and Martin",+1-543-989-8364x03761
SUP185,Rodriguez-Johnson,+1-491-980-5526x9658
SUP186,Johnston-Odonnell,001-810-891-0430x06848
SUP187,Sanders-Espinoza,001-561-488-9241x418
SUP188,Vargas Ltd,+1-556-391-4630
SUP189,Garcia LLC,(717)699-0421x02027
SUP190,"Burke, Martinez and Riggs",(352)641-0564
SUP191,Reed Group,001-491-677-8507x925
SUP192,"Wood, Hunter and Peterson",001-419-413-8000x30756
SUP193,Short-Garcia,3867353654
SUP194,Reid-Poole,980-623-8061
SUP195,"Hernandez, Thompson and Boyd",001-945-718-7053x49493
SUP196,"Nelson, Morton and Medina",001-573-783-2060
SUP197,Marshall-Petersen,+1-405-606-4138x3670
SUP198,"Adams, Christian and Rivas",303-486-5719
SUP199,Ramirez Group,+1-761-799-0623x4456
SUP200,Christensen PLC,943.713.2912x127
